{
    "seccion1": {
        "1P": {
            "frecuencia_absoluta": {
                "a": 35,
                "b": 55,
                "c": 0,
                "d": 0,
                "e": 0,
                "f": 0,
                "g": 0,
                "h": 0
            },
            "frecuencia_relativa": {
                "a": 0.3888888888888889,
                "b": 0.6111111111111112,
                "c": 0.0,
                "d": 0.0,
                "e": 0.0,
                "f": 0.0,
                "g": 0.0,
                "h": 0.0
            },
            "frecuencia_porcentual": {
                "a": 38.88888888888889,
                "b": 61.111111111111114,
                "c": 0.0,
                "d": 0.0,
                "e": 0.0,
                "f": 0.0,
                "g": 0.0,
                "h": 0.0
            }
        },
        "2P": {
            "frecuencia_absoluta": {
                "a": 79,
                "b": 8,
                "c": 3,
                "d": 0,
                "e": 0,
                "f": 0,
                "g": 0,
                "h": 0
            },
            "frecuencia_relativa": {
                "a": 0.8777777777777778,
                "b": 0.08888888888888889,
                "c": 0.03333333333333333,
                "d": 0.0,
                "e": 0.0,
                "f": 0.0,
                "g": 0.0,
                "h": 0.0
            },
            "frecuencia_porcentual": {
                "a": 87.77777777777777,
                "b": 8.88888888888889,
                "c": 3.3333333333333335,
                "d": 0.0,
                "e": 0.0,
                "f": 0.0,
                "g": 0.0,
                "h": 0.0
            }
        },
        "3P": {
            "frecuencia_absoluta": {
                "a": 82,
                "b": 8,
                "c": 0,
                "d": 0,
                "e": 0,
                "f": 0,
                "g": 0,
                "h": 0
            },
            "frecuencia_relativa": {
                "a": 0.9111111111111111,
                "b": 0.08888888888888889,
                "c": 0.0,
                "d": 0.0,
                "e": 0.0,
                "f": 0.0,
                "g": 0.0,
                "h": 0.0
            },
            "frecuencia_porcentual": {
                "a": 91.11111111111111,
                "b": 8.88888888888889,
                "c": 0.0,
                "d": 0.0,
                "e": 0.0,
                "f": 0.0,
                "g": 0.0,
                "h": 0.0
            }
        },
        "4P": {
            "frecuencia_absoluta": {
                "a": 1,
                "b": 0,
                "c": 54,
                "d": 17,
                "e": 7,
                "f": 9,
                "g": 1,
                "h": 1
            },
            "frecuencia_relativa": {
                "a": 0.011111111111111112,
                "b": 0.0,
                "c": 0.6,
                "d": 0.18888888888888888,
                "e": 0.07777777777777778,
                "f": 0.1,
                "g": 0.011111111111111112,
                "h": 0.011111111111111112
            },
            "frecuencia_porcentual": {
                "a": 1.1111111111111112,
                "b": 0.0,
                "c": 60.0,
                "d": 18.88888888888889,
                "e": 7.777777777777778,
                "f": 10.0,
                "g": 1.1111111111111112,
                "h": 1.1111111111111112
            }
        },
        "5P": {
            "frecuencia_absoluta": {
                "a": 37,
                "b": 53,
                "c": 0,
                "d": 0,
                "e": 0,
                "f": 0,
                "g": 0,
                "h": 0
            },
            "frecuencia_relativa": {
                "a": 0.4111111111111111,
                "b": 0.5888888888888889,
                "c": 0.0,
                "d": 0.0,
                "e": 0.0,
                "f": 0.0,
                "g": 0.0,
                "h": 0.0
            },
            "frecuencia_porcentual": {
                "a": 41.11111111111111,
                "b": 58.88888888888889,
                "c": 0.0,
                "d": 0.0,
                "e": 0.0,
                "f": 0.0,
                "g": 0.0,
                "h": 0.0
            }
        }
    },
    "seccion2": {
        "1P": {
            "frecuencia_absoluta": {
                "a": 89,
                "b": 1,
                "c": 0,
                "d": 0,
                "e": 0
            },
            "frecuencia_relativa": {
                "a": 0.9888888888888889,
                "b": 0.011111111111111112,
                "c": 0.0,
                "d": 0.0,
                "e": 0.0
            },
            "frecuencia_porcentual": {
                "a": 98.88888888888889,
                "b": 1.1111111111111112,
                "c": 0.0,
                "d": 0.0,
                "e": 0.0
            }
        },
        "2P": {
            "frecuencia_absoluta": {
                "a": 36,
                "b": 40,
                "c": 13,
                "d": 1,
                "e": 0
            },
            "frecuencia_relativa": {
                "a": 0.4,
                "b": 0.4444444444444444,
                "c": 0.14444444444444443,
                "d": 0.011111111111111112,
                "e": 0.0
            },
            "frecuencia_porcentual": {
                "a": 40.0,
                "b": 44.44444444444444,
                "c": 14.444444444444443,
                "d": 1.1111111111111112,
                "e": 0.0
            }
        },
        "3P": {
            "frecuencia_absoluta": {
                "a": 19,
                "b": 48,
                "c": 20,
                "d": 3,
                "e": 0
            },
            "frecuencia_relativa": {
                "a": 0.2111111111111111,
                "b": 0.5333333333333333,
                "c": 0.2222222222222222,
                "d": 0.03333333333333333,
                "e": 0.0
            },
            "frecuencia_porcentual": {
                "a": 21.11111111111111,
                "b": 53.333333333333336,
                "c": 22.22222222222222,
                "d": 3.3333333333333335,
                "e": 0.0
            }
        },
        "4P": {
            "frecuencia_absoluta": {
                "a": 69,
                "b": 21,
                "c": 0,
                "d": 0,
                "e": 0
            },
            "frecuencia_relativa": {
                "a": 0.7666666666666667,
                "b": 0.23333333333333334,
                "c": 0.0,
                "d": 0.0,
                "e": 0.0
            },
            "frecuencia_porcentual": {
                "a": 76.66666666666667,
                "b": 23.333333333333332,
                "c": 0.0,
                "d": 0.0,
                "e": 0.0
            }
        },
        "5P": {
            "frecuencia_absoluta": {
                "a": 36,
                "b": 28,
                "c": 11,
                "d": 8,
                "e": 7
            },
            "frecuencia_relativa": {
                "a": 0.4,
                "b": 0.3111111111111111,
                "c": 0.12222222222222222,
                "d": 0.08888888888888889,
                "e": 0.07777777777777778
            },
            "frecuencia_porcentual": {
                "a": 40.0,
                "b": 31.11111111111111,
                "c": 12.222222222222221,
                "d": 8.88888888888889,
                "e": 7.777777777777778
            }
        },
        "6P": {
            "frecuencia_absoluta": {
                "a": 30,
                "b": 17,
                "c": 18,
                "d": 22,
                "e": 3
            },
            "frecuencia_relativa": {
                "a": 0.3333333333333333,
                "b": 0.18888888888888888,